{
  "currency_code": "BTC",
  "amount": 0.4309972,
  "available": 0.4309972
}
